datetime,open,high,low,close,volume
2021-02-10 03:00,46323.62000000,46631.83000000,46514.73000000,46364.77000000,129.17339938
2021-02-10 03:05,46127.00000000,46369.40000000,46364.78000000,46336.79000000,190.69568227
2021-02-10 03:10,46217.69000000,46640.45000000,46332.00000000,46626.84000000,125.41909994
2021-02-10 03:15,46590.39000000,46850.00000000,46626.85000000,46806.68000000,159.08704382
2021-02-10 03:20,46751.84000000,46966.90000000,46808.92000000,46850.00000000,105.97393625
2021-02-10 03:25,46810.65000000,46932.00000000,46850.00000000,46850.90000000,60.06881594
2021-02-10 03:30,46786.30000000,46895.91000000,46850.23000000,46860.00000000,51.65612708
2021-02-10 03:35,46720.01000000,46900.00000000,46860.00000000,46788.85000000,48.80544268
2021-02-10 03:40,46687.00000000,46795.26000000,46786.56000000,46740.34000000,38.02004379
2021-02-10 03:45,46650.00000000,46768.32000000,46737.35000000,46700.00000000,65.98095882
2021-02-10 03:50,46512.43000000,46749.01000000,46700.00000000,46541.27000000,60.79004987
2021-02-10 03:55,46508.65000000,46716.23000000,46539.16000000,46583.26000000,78.82537188
2021-02-10 04:00,46445.00000000,46588.88000000,46572.07000000,46445.01000000,65.86313094
2021-02-10 04:05,46250.00000000,46459.28000000,46445.00000000,46330.22000000,113.39792874
2021-02-10 04:10,46304.32000000,46412.36000000,46326.18000000,46359.18000000,76.55947616
2021-02-10 04:15,46330.00000000,46421.90000000,46359.18000000,46330.07000000,58.29719294
2021-02-10 04:20,46033.75000000,46362.76000000,46330.08000000,46145.35000000,209.97730910
2021-02-10 04:25,46123.60000000,46274.40000000,46145.34000000,46232.11000000,129.48968596
2021-02-10 04:30,46190.63000000,46323.86000000,46232.11000000,46299.99000000,57.07076476
2021-02-10 04:35,46254.81000000,46348.88000000,46300.00000000,46265.01000000,47.68896522
2021-02-10 04:40,46198.35000000,46417.57000000,46265.00000000,46341.24000000,71.05606998
2021-02-10 04:45,46305.12000000,46382.48000000,46341.24000000,46354.01000000,59.88589537
2021-02-10 04:50,46125.01000000,46490.47000000,46354.01000000,46170.22000000,84.59851956
2021-02-10 04:55,46172.73000000,46450.01000000,46176.98000000,46327.12000000,58.27527377
2021-02-10 05:00,46322.81000000,46539.39000000,46332.06000000,46511.13000000,58.56300644
2021-02-10 05:05,46499.79000000,46588.88000000,46512.30000000,46499.83000000,88.51733690
2021-02-10 05:10,46416.24000000,46540.18000000,46499.83000000,46485.17000000,180.18574315
2021-02-10 05:15,46488.24000000,46624.56000000,46488.26000000,46565.86000000,69.39680679
2021-02-10 05:20,46482.76000000,46600.00000000,46565.85000000,46566.00000000,42.68723439
2021-02-10 05:25,46511.10000000,46631.69000000,46565.99000000,46630.34000000,44.76807692
2021-02-10 05:30,46536.93000000,46725.00000000,46630.73000000,46595.63000000,93.06555187
2021-02-10 05:35,46565.00000000,46637.74000000,46595.63000000,46580.10000000,86.00151418
2021-02-10 05:40,46508.00000000,46598.96000000,46580.10000000,46541.81000000,68.99772608
2021-02-10 05:45,46451.00000000,46835.00000000,46541.80000000,46799.00000000,153.29888124
2021-02-10 05:50,46461.00000000,46817.66000000,46799.00000000,46500.02000000,103.36377818
2021-02-10 05:55,46308.76000000,46500.02000000,46500.01000000,46340.26000000,89.45114334
2021-02-10 06:00,46213.76000000,46380.84000000,46339.40000000,46291.84000000,106.51517923
2021-02-10 06:05,46252.21000000,46461.44000000,46292.43000000,46461.44000000,111.25945343
2021-02-10 06:10,46460.87000000,46732.86000000,46460.88000000,46732.86000000,85.32210678
2021-02-10 06:15,46634.75000000,46786.51000000,46732.86000000,46700.00000000,85.46424788
2021-02-10 06:20,46606.56000000,46705.08000000,46700.00000000,46627.71000000,47.42267909
2021-02-10 06:25,46482.33000000,46650.00000000,46627.99000000,46500.00000000,88.48585795
2021-02-10 06:30,46325.00000000,46500.00000000,46500.00000000,46338.25000000,101.66689954
2021-02-10 06:35,46275.00000000,46406.32000000,46338.25000000,46349.99000000,114.72027862
2021-02-10 06:40,46297.39000000,46371.84000000,46349.99000000,46299.48000000,50.33529626
2021-02-10 06:45,46227.08000000,46369.65000000,46299.48000000,46313.61000000,73.75522600
2021-02-10 06:50,46280.00000000,46468.75000000,46313.61000000,46297.59000000,41.09902800
2021-02-10 06:55,46235.00000000,46330.06000000,46305.33000000,46280.53000000,32.09129885
2021-02-10 07:00,46050.00000000,46379.56000000,46280.55000000,46059.39000000,138.06410427
2021-02-10 07:05,45777.00000000,46054.09000000,46052.30000000,45887.01000000,264.36147832
2021-02-10 07:10,45669.83000000,45929.96000000,45887.01000000,45672.90000000,176.61331806
2021-02-10 07:15,45666.00000000,45851.97000000,45673.92000000,45811.20000000,153.21029726
2021-02-10 07:20,45769.00000000,45973.88000000,45813.02000000,45904.81000000,136.41011360
2021-02-10 07:25,45864.79000000,45998.88000000,45904.82000000,45912.64000000,66.28331586
2021-02-10 07:30,45867.58000000,45995.06000000,45913.10000000,45969.01000000,79.54341915
2021-02-10 07:35,45889.10000000,46000.00000000,45969.01000000,45896.38000000,107.46353383
2021-02-10 07:40,45874.98000000,46000.00000000,45897.97000000,45919.79000000,63.57679298
2021-02-10 07:45,45924.17000000,46100.00000000,45925.87000000,46039.74000000,66.86895534
2021-02-10 07:50,45980.92000000,46066.85000000,46049.84000000,46052.21000000,49.96387222
2021-02-10 07:55,46000.00000000,46092.88000000,46053.05000000,46050.21000000,75.24243299
2021-02-10 08:00,45900.00000000,46050.30000000,46050.21000000,45940.50000000,63.95241214
2021-02-10 08:05,45890.00000000,46300.00000000,45940.49000000,46297.87000000,51.47578842
2021-02-10 08:10,46230.07000000,46333.33000000,46300.00000000,46235.14000000,36.06168791
2021-02-10 08:15,46130.87000000,46317.38000000,46235.14000000,46284.15000000,67.82201689
2021-02-10 08:20,46153.00000000,46296.54000000,46284.15000000,46296.54000000,55.41191282
2021-02-10 08:25,46223.58000000,46325.00000000,46296.54000000,46258.26000000,37.87760013
2021-02-10 08:30,46223.59000000,46325.00000000,46249.77000000,46305.35000000,31.31476432
2021-02-10 08:35,46251.82000000,46305.35000000,46305.34000000,46277.29000000,27.00827696
2021-02-10 08:40,46099.54000000,46448.76000000,46277.35000000,46367.98000000,76.32927443
2021-02-10 08:45,46131.58000000,46399.92000000,46380.59000000,46366.19000000,41.28654287
2021-02-10 08:50,46200.00000000,46382.23000000,46364.06000000,46224.56000000,42.17860082
2021-02-10 08:55,46100.64000000,46224.63000000,46218.14000000,46181.15000000,25.57679012
2021-02-10 09:00,46168.92000000,46293.77000000,46180.31000000,46292.80000000,19.42832177
2021-02-10 09:05,46173.37000000,46478.50000000,46289.41000000,46432.42000000,71.39416814
2021-02-10 09:10,46310.00000000,46497.29000000,46432.43000000,46497.29000000,130.81609699
2021-02-10 09:15,46465.76000000,46573.88000000,46497.29000000,46573.88000000,91.57058434
2021-02-10 09:20,46459.40000000,46575.00000000,46573.88000000,46541.15000000,35.77725643
2021-02-10 09:25,46503.92000000,46588.00000000,46541.14000000,46551.47000000,52.52008952
2021-02-10 09:30,46520.97000000,46587.99000000,46551.44000000,46564.20000000,23.15623680
2021-02-10 09:35,46473.40000000,46665.24000000,46564.20000000,46647.88000000,53.83894305
2021-02-10 09:40,46543.75000000,46664.46000000,46643.72000000,46543.75000000,34.55160482
2021-02-10 09:45,46500.00000000,46582.26000000,46544.58000000,46531.98000000,22.77639709
2021-02-10 09:50,46517.56000000,46550.00000000,46530.32000000,46539.55000000,57.24242164
2021-02-10 09:55,46504.18000000,46596.45000000,46544.16000000,46560.01000000,128.05603523
2021-02-10 10:00,46500.88000000,46637.99000000,46560.01000000,46631.42000000,23.18888749
2021-02-10 10:05,46577.94000000,46690.00000000,46628.88000000,46653.96000000,46.67083613
2021-02-10 10:10,46437.73000000,46660.12000000,46657.92000000,46557.65000000,63.87931240
2021-02-10 10:15,46557.72000000,46656.42000000,46557.72000000,46648.53000000,36.81868289
2021-02-10 10:20,46557.11000000,46840.00000000,46648.91000000,46605.45000000,148.39501839
2021-02-10 10:25,46531.12000000,46655.99000000,46603.69000000,46610.73000000,42.19193597
2021-02-10 10:30,46601.49000000,46656.00000000,46610.73000000,46624.70000000,29.59570855
2021-02-10 10:35,46601.55000000,46688.20000000,46624.69000000,46623.39000000,32.11809295
2021-02-10 10:40,46595.62000000,46995.00000000,46619.94000000,46966.86000000,92.77959539
2021-02-10 10:45,46686.70000000,46966.85000000,46966.85000000,46743.03000000,91.55545550
2021-02-10 10:50,46650.04000000,46789.19000000,46736.37000000,46696.98000000,47.74586882
2021-02-10 10:55,46601.97000000,46761.78000000,46696.99000000,46636.65000000,42.56889136
2021-02-10 11:00,46636.64000000,46877.83000000,46636.65000000,46753.88000000,82.31101915
2021-02-10 11:05,46672.78000000,46767.00000000,46753.87000000,46724.65000000,36.47700093
2021-02-10 11:10,46600.01000000,46752.32000000,46732.59000000,46600.01000000,17.72401414
2021-02-10 11:15,46343.00000000,46611.42000000,46600.01000000,46379.27000000,73.79681255
2021-02-10 11:20,46299.01000000,46461.80000000,46375.26000000,46397.55000000,80.86859530
2021-02-10 11:25,46382.61000000,46497.56000000,46397.55000000,46457.11000000,22.20363783
2021-02-10 11:30,46429.84000000,46481.21000000,46457.11000000,46445.34000000,19.80643861
2021-02-10 11:35,46416.40000000,46550.13000000,46445.34000000,46449.81000000,34.89864163
2021-02-10 11:40,46391.40000000,46516.98000000,46449.80000000,46492.13000000,17.72320522
2021-02-10 11:45,46457.86000000,46620.03000000,46492.12000000,46605.98000000,25.91826884
2021-02-10 11:50,46572.14000000,46768.52000000,46605.99000000,46689.58000000,24.31803092
2021-02-10 11:55,46637.19000000,46758.56000000,46689.58000000,46739.75000000,17.27845750
2021-02-10 12:00,46695.60000000,46831.52000000,46749.59000000,46829.74000000,26.29405427
2021-02-10 12:05,46732.19000000,46846.02000000,46829.50000000,46825.00000000,41.03772946
2021-02-10 12:10,46751.18000000,46833.80000000,46825.00000000,46804.79000000,10.62211684
2021-02-10 12:15,46755.32000000,46950.00000000,46803.55000000,46884.56000000,46.43855589
2021-02-10 12:20,46824.02000000,46944.16000000,46884.56000000,46915.65000000,27.74688192
2021-02-10 12:25,46769.54000000,46970.00000000,46917.71000000,46904.19000000,67.65828710
2021-02-10 12:30,46855.11000000,46953.82000000,46908.45000000,46887.46000000,23.45198968
2021-02-10 12:35,46769.40000000,46903.01000000,46901.95000000,46850.58000000,15.30292882
2021-02-10 12:40,46735.59000000,46852.42000000,46850.57000000,46786.90000000,21.89872143
2021-02-10 12:45,46744.31000000,46805.73000000,46783.73000000,46805.72000000,21.62174128
2021-02-10 12:50,46603.08000000,46805.72000000,46805.72000000,46631.86000000,54.83163457
2021-02-10 12:55,46565.47000000,46664.57000000,46631.86000000,46646.12000000,29.01673319
2021-02-10 13:00,46477.48000000,46646.12000000,46646.12000000,46585.74000000,34.82233090
2021-02-10 13:05,46580.34000000,46839.44000000,46585.01000000,46833.14000000,26.92371167
2021-02-10 13:10,46831.97000000,47200.00000000,46833.17000000,47194.86000000,151.81017964
2021-02-10 13:15,47086.43000000,47349.99000000,47194.91000000,47312.94000000,131.23219069
2021-02-10 13:20,47062.00000000,47315.37000000,47312.95000000,47094.57000000,66.42806434
2021-02-10 13:25,46972.83000000,47098.80000000,47089.68000000,47017.02000000,60.17260150
2021-02-10 13:30,46770.89000000,47204.46000000,47025.78000000,46826.61000000,67.34769552
2021-02-10 13:35,46712.70000000,46855.62000000,46824.02000000,46823.16000000,37.23240890
2021-02-10 13:40,46700.00000000,46858.74000000,46832.38000000,46795.78000000,37.89359215
2021-02-10 13:45,46705.45000000,46820.11000000,46793.54000000,46755.01000000,30.30187717
2021-02-10 13:50,46711.14000000,46810.89000000,46755.01000000,46785.05000000,19.11023494
2021-02-10 13:55,46568.15000000,46792.34000000,46785.06000000,46705.01000000,40.77323745
2021-02-10 14:00,46534.49000000,46760.33000000,46704.92000000,46534.49000000,20.77859617
2021-02-10 14:05,46376.10000000,46585.70000000,46531.46000000,46514.05000000,52.56994166
2021-02-10 14:10,46440.95000000,46562.45000000,46524.87000000,46550.05000000,29.24241261
2021-02-10 14:15,46371.49000000,46614.59000000,46534.92000000,46571.41000000,48.51820035
2021-02-10 14:20,46450.01000000,46603.54000000,46571.41000000,46518.03000000,21.48377396
2021-02-10 14:25,46471.03000000,46566.49000000,46518.03000000,46549.86000000,24.39556488
2021-02-10 14:30,46404.14000000,46658.04000000,46543.60000000,46575.93000000,48.47694937
2021-02-10 14:35,46500.74000000,46624.00000000,46575.92000000,46607.99000000,22.41640065
2021-02-10 14:40,46510.00000000,46608.55000000,46603.91000000,46570.45000000,68.05444778
2021-02-10 14:45,46510.01000000,46626.45000000,46564.07000000,46626.44000000,19.67825585
2021-02-10 14:50,46515.34000000,46635.48000000,46626.45000000,46623.75000000,21.51186084
2021-02-10 14:55,46544.05000000,46663.28000000,46623.77000000,46662.46000000,26.93263676
2021-02-10 15:00,46200.00000000,46659.75000000,46659.64000000,46302.27000000,156.79257503
2021-02-10 15:05,46111.00000000,46371.64000000,46306.49000000,46357.21000000,75.24032943
2021-02-10 15:10,46116.82000000,46358.25000000,46357.21000000,46325.37000000,57.05684403
2021-02-10 15:15,46262.12000000,46479.07000000,46306.29000000,46361.64000000,54.06017003
2021-02-10 15:20,46317.29000000,46400.00000000,46361.64000000,46323.98000000,41.62524741
2021-02-10 15:25,46058.64000000,46379.44000000,46323.98000000,46192.48000000,72.36202858
2021-02-10 15:30,45527.86000000,46238.33000000,46192.47000000,45682.09000000,326.52054142
2021-02-10 15:35,44779.89000000,45800.00000000,45685.05000000,44787.00000000,586.60820167
2021-02-10 15:40,44600.00000000,45476.70000000,44787.00000000,45282.12000000,378.76444034
2021-02-10 15:45,45278.23000000,45782.98000000,45294.79000000,45561.57000000,185.67088660
2021-02-10 15:50,45539.59000000,45828.30000000,45553.31000000,45828.29000000,215.97865771
2021-02-10 15:55,45750.46000000,46010.47000000,45828.29000000,45860.76000000,359.72420295
2021-02-10 16:00,45661.72000000,46110.00000000,45860.77000000,46018.13000000,139.80767709
2021-02-10 16:05,45675.98000000,46026.23000000,46014.24000000,45693.62000000,77.63812826
2021-02-10 16:10,45512.43000000,45984.26000000,45698.30000000,45940.04000000,69.94546688
2021-02-10 16:15,45626.44000000,45940.04000000,45940.04000000,45638.59000000,88.87185355
2021-02-10 16:20,45625.00000000,45817.59000000,45642.30000000,45718.65000000,106.91663327
2021-02-10 16:25,45411.69000000,45747.45000000,45713.02000000,45570.69000000,102.46970443
2021-02-10 16:30,45491.84000000,45753.94000000,45570.69000000,45695.20000000,109.40297442
2021-02-10 16:35,45683.90000000,45842.45000000,45695.18000000,45806.41000000,92.70837180
2021-02-10 16:40,45792.22000000,45890.83000000,45806.40000000,45845.97000000,71.96477531
2021-02-10 16:45,45665.35000000,45956.81000000,45845.97000000,45691.00000000,68.45613093
2021-02-10 16:50,45586.91000000,45739.67000000,45686.16000000,45685.13000000,55.36743216
2021-02-10 16:55,45607.59000000,45704.68000000,45685.00000000,45691.99000000,56.57032980
2021-02-10 17:00,45365.13000000,45839.50000000,45692.00000000,45796.44000000,183.67814696
2021-02-10 17:05,45779.88000000,46023.64000000,45800.51000000,45939.06000000,91.61039183
2021-02-10 17:10,45871.24000000,45981.49000000,45939.06000000,45895.98000000,52.52104923
2021-02-10 17:15,45800.00000000,45937.29000000,45901.33000000,45826.97000000,59.71838162
2021-02-10 17:20,45531.77000000,45826.63000000,45819.91000000,45589.28000000,66.73390195
2021-02-10 17:25,45258.90000000,45591.40000000,45586.22000000,45429.60000000,130.09166970
2021-02-10 17:30,45111.00000000,45429.59000000,45429.59000000,45118.09000000,186.89050758
2021-02-10 17:35,45051.75000000,45499.99000000,45118.08000000,45406.14000000,144.80137332
2021-02-10 17:40,45073.98000000,45410.50000000,45407.98000000,45262.53000000,184.53899167
2021-02-10 17:45,45182.25000000,45478.87000000,45262.53000000,45252.00000000,120.85022059
2021-02-10 17:50,45180.00000000,45349.80000000,45252.00000000,45298.02000000,116.81155885
2021-02-10 17:55,44900.66000000,45296.18000000,45294.26000000,45020.38000000,239.44834001
2021-02-10 18:00,44752.46000000,45223.99000000,45025.84000000,44870.98000000,279.12911742
2021-02-10 18:05,44600.07000000,44982.84000000,44870.98000000,44732.19000000,159.60920334
2021-02-10 18:10,44462.55000000,45086.22000000,44732.19000000,45043.84000000,291.27839946
2021-02-10 18:15,45043.83000000,45249.00000000,45043.84000000,45166.74000000,148.93790201
2021-02-10 18:20,44778.64000000,45198.00000000,45166.74000000,44858.53000000,135.07027299
2021-02-10 18:25,44375.41000000,44873.00000000,44864.59000000,44463.80000000,317.64763679
2021-02-10 18:30,44224.34000000,44641.73000000,44463.81000000,44300.00000000,387.03971365
2021-02-10 18:35,44217.70000000,44427.21000000,44299.99000000,44351.82000000,192.69933695
2021-02-10 18:40,44000.00000000,44356.03000000,44352.43000000,44019.80000000,376.95148683
2021-02-10 18:45,43706.86000000,44100.00000000,44019.39000000,43899.99000000,487.71843868
2021-02-10 18:50,43866.54000000,44446.27000000,43919.55000000,44328.62000000,244.45381536
2021-02-10 18:55,44094.79000000,44400.00000000,44328.62000000,44364.30000000,198.92685800
2021-02-10 19:00,44107.53000000,44400.00000000,44364.30000000,44138.61000000,185.07913657
2021-02-10 19:05,43859.00000000,44403.30000000,44146.55000000,44399.99000000,243.81844270
2021-02-10 19:10,44380.00000000,44597.06000000,44399.99000000,44546.49000000,144.80314758
2021-02-10 19:15,44522.08000000,44769.00000000,44546.49000000,44740.01000000,234.37213887
2021-02-10 19:20,44531.22000000,44765.18000000,44740.09000000,44676.68000000,113.00827781
2021-02-10 19:25,44659.40000000,44794.28000000,44676.61000000,44715.06000000,116.71397277
2021-02-10 19:30,44450.00000000,44766.24000000,44713.06000000,44717.68000000,140.75816994
2021-02-10 19:35,44544.60000000,44779.98000000,44717.72000000,44729.85000000,103.00782609
2021-02-10 19:40,44538.76000000,44750.68000000,44729.85000000,44656.22000000,101.27733704
2021-02-10 19:45,44520.00000000,44658.75000000,44656.07000000,44657.19000000,73.02482356
2021-02-10 19:50,44567.43000000,44674.32000000,44659.68000000,44643.59000000,83.75963988
2021-02-10 19:55,44648.60000000,44963.63000000,44648.60000000,44801.24000000,157.31400308
2021-02-10 20:00,44525.00000000,44831.49000000,44807.57000000,44562.20000000,115.84946950
2021-02-10 20:05,44551.62000000,44672.68000000,44551.62000000,44606.59000000,77.98408796
2021-02-10 20:10,44513.38000000,44751.05000000,44603.96000000,44598.65000000,76.03734081
2021-02-10 20:15,44501.00000000,44828.71000000,44602.32000000,44546.69000000,107.27947085
2021-02-10 20:20,44546.69000000,44680.90000000,44546.69000000,44626.61000000,75.42416894
2021-02-10 20:25,44618.96000000,44813.68000000,44626.61000000,44813.68000000,82.90579563
2021-02-10 20:30,44811.38000000,45000.00000000,44813.68000000,44896.51000000,125.32329832
2021-02-10 20:35,44857.73000000,44986.57000000,44896.20000000,44949.55000000,99.95224267
2021-02-10 20:40,44941.83000000,45078.96000000,44941.83000000,45065.01000000,151.52934376
2021-02-10 20:45,45000.00000000,45109.00000000,45065.01000000,45001.02000000,113.85182952
2021-02-10 20:50,45000.51000000,45100.00000000,45003.56000000,45088.49000000,107.37712565
2021-02-10 20:55,45050.00000000,45133.11000000,45090.33000000,45050.00000000,73.37182501
2021-02-10 21:00,45000.00000000,45144.00000000,45050.01000000,45144.00000000,84.73977446
2021-02-10 21:05,45096.45000000,45241.00000000,45143.99000000,45154.19000000,108.50709461
2021-02-10 21:10,44980.00000000,45155.54000000,45154.19000000,44995.24000000,74.51306757
2021-02-10 21:15,44874.50000000,45151.24000000,44987.44000000,45100.01000000,87.07287105
2021-02-10 21:20,45085.94000000,45246.18000000,45100.01000000,45225.00000000,65.64481733
2021-02-10 21:25,45083.59000000,45250.00000000,45225.01000000,45083.59000000,82.16468182
2021-02-10 21:30,44987.40000000,45142.13000000,45083.60000000,45007.48000000,74.23756037
2021-02-10 21:35,44934.31000000,45082.09000000,45012.03000000,44999.99000000,143.70546579
2021-02-10 21:40,44939.04000000,45123.51000000,45000.00000000,44953.82000000,67.39490698
2021-02-10 21:45,44934.31000000,45107.09000000,44950.01000000,44991.05000000,54.72509912
2021-02-10 21:50,44964.81000000,45079.13000000,44992.91000000,45068.00000000,50.22362438
2021-02-10 21:55,45005.00000000,45200.00000000,45068.00000000,45151.47000000,72.42518812
2021-02-10 22:00,44913.14000000,45250.00000000,45142.02000000,45169.15000000,82.25083582
2021-02-10 22:05,44946.59000000,45169.15000000,45169.15000000,45000.00000000,86.35879482
2021-02-10 22:10,44699.99000000,45010.89000000,45000.00000000,44805.28000000,209.97278834
2021-02-10 22:15,44500.00000000,45046.89000000,44805.28000000,44665.36000000,182.92278128
2021-02-10 22:20,44543.64000000,44748.35000000,44665.69000000,44649.00000000,107.73258418
2021-02-10 22:25,44637.02000000,44781.00000000,44648.99000000,44713.88000000,75.44900639
2021-02-10 22:30,44707.78000000,44939.30000000,44713.88000000,44913.09000000,63.21095990
2021-02-10 22:35,44920.82000000,45000.00000000,44920.82000000,44947.69000000,90.46956786
2021-02-10 22:40,44960.28000000,45230.76000000,44962.59000000,45191.80000000,72.21530034
2021-02-10 22:45,45117.51000000,45278.00000000,45209.34000000,45137.65000000,67.10502821
2021-02-10 22:50,45130.00000000,45256.72000000,45137.64000000,45240.79000000,61.94465697
2021-02-10 22:55,45207.50000000,45292.00000000,45239.48000000,45250.02000000,71.55433057
2021-02-10 23:00,45171.75000000,45291.98000000,45250.01000000,45176.08000000,61.81674552
2021-02-10 23:05,45075.00000000,45206.36000000,45176.07000000,45075.14000000,66.15279511
2021-02-10 23:10,45051.05000000,45117.54000000,45075.14000000,45099.35000000,84.26662768
2021-02-10 23:15,44869.51000000,45099.83000000,45099.35000000,44895.04000000,84.07392464
2021-02-10 23:20,44873.92000000,45115.57000000,44895.02000000,45022.79000000,128.61328872
2021-02-10 23:25,44920.00000000,45044.70000000,45022.31000000,44953.55000000,45.01742196
2021-02-10 23:30,44771.77000000,44980.71000000,44953.55000000,44853.97000000,65.08144304
2021-02-10 23:35,44816.24000000,44937.75000000,44851.81000000,44866.94000000,46.29957299
2021-02-10 23:40,44681.75000000,44868.76000000,44859.05000000,44691.53000000,73.31413063
2021-02-10 23:45,44570.00000000,44749.76000000,44688.66000000,44604.56000000,103.41375350
2021-02-10 23:50,44580.49000000,44693.80000000,44617.54000000,44660.22000000,80.98413929
2021-02-10 23:55,44462.93000000,44695.67000000,44654.25000000,44579.28000000,108.41294434
2021-02-11 00:00,44380.00000000,44741.77000000,44579.28000000,44444.99000000,169.56760709
2021-02-11 00:05,44439.53000000,44547.89000000,44444.99000000,44528.55000000,78.61021388
2021-02-11 00:10,44500.10000000,44615.47000000,44528.56000000,44502.36000000,116.15430870
2021-02-11 00:15,44424.01000000,44563.54000000,44509.32000000,44510.19000000,77.85183969
2021-02-11 00:20,44501.46000000,44633.85000000,44509.95000000,44552.15000000,40.56911122
2021-02-11 00:25,44529.23000000,44796.82000000,44552.15000000,44650.09000000,75.34491962
2021-02-11 00:30,44585.00000000,44803.70000000,44650.10000000,44770.64000000,35.36989013
2021-02-11 00:35,44685.43000000,44853.71000000,44770.07000000,44831.10000000,53.73154891
2021-02-11 00:40,44727.58000000,44858.30000000,44831.09000000,44823.30000000,31.58816763
2021-02-11 00:45,44820.24000000,44926.86000000,44823.28000000,44903.15000000,44.60323609
2021-02-11 00:50,44903.14000000,45100.62000000,44903.15000000,44959.52000000,98.80275221
2021-02-11 00:55,44909.79000000,45066.10000000,44959.52000000,45042.31000000,66.61469641
2021-02-11 01:00,44951.83000000,45055.00000000,45034.81000000,44995.80000000,39.48631227
2021-02-11 01:05,44933.24000000,45046.00000000,44992.33000000,45045.99000000,51.70975091
2021-02-11 01:10,45045.99000000,45109.00000000,45046.00000000,45101.82000000,46.93589309
2021-02-11 01:15,45070.36000000,45150.00000000,45108.78000000,45090.04000000,34.79946181
2021-02-11 01:20,45082.36000000,45183.09000000,45087.52000000,45155.55000000,63.00098460
2021-02-11 01:25,45150.44000000,45198.94000000,45155.55000000,45197.97000000,36.62923565
2021-02-11 01:30,45154.39000000,45224.95000000,45198.02000000,45181.82000000,35.72223934
2021-02-11 01:35,45169.43000000,45235.35000000,45181.35000000,45231.31000000,29.25956256
2021-02-11 01:40,45187.34000000,45253.75000000,45231.30000000,45252.36000000,38.65688399
2021-02-11 01:45,45054.76000000,45252.79000000,45250.00000000,45054.78000000,45.83366139
2021-02-11 01:50,45045.99000000,45197.57000000,45054.00000000,45196.42000000,42.30489319
2021-02-11 01:55,45170.17000000,45250.00000000,45193.49000000,45246.90000000,35.30990952
2021-02-11 02:00,45003.42000000,45250.00000000,45246.90000000,45102.45000000,32.56015161
2021-02-11 02:05,45097.07000000,45172.95000000,45097.07000000,45124.99000000,39.41534528
2021-02-11 02:10,45108.38000000,45185.61000000,45124.82000000,45164.65000000,46.33433657
2021-02-11 02:15,45072.84000000,45194.46000000,45164.65000000,45076.23000000,27.12533132
2021-02-11 02:20,45043.81000000,45188.32000000,45066.59000000,45140.51000000,60.91350555
2021-02-11 02:25,45104.89000000,45195.18000000,45143.08000000,45136.02000000,86.15308959
2021-02-11 02:30,45136.01000000,45326.40000000,45136.01000000,45311.35000000,51.38976911
2021-02-11 02:35,45210.34000000,45314.41000000,45311.35000000,45241.06000000,41.72113946
2021-02-11 02:40,45188.88000000,45282.12000000,45241.06000000,45222.34000000,44.02772437
2021-02-11 02:45,44868.54000000,45220.30000000,45220.30000000,44876.63000000,79.99167355
2021-02-11 02:50,44824.00000000,44893.48000000,44870.17000000,44888.01000000,56.37114250
2021-02-11 02:55,44850.00000000,44969.55000000,44888.00000000,44850.00000000,65.08354214
2021-02-11 03:00,44578.00000000,45065.43000000,44850.00000000,44694.21000000,159.24111382
2021-02-11 03:05,44630.63000000,44737.02000000,44692.76000000,44638.94000000,70.99816748
2021-02-11 03:10,44417.00000000,44647.77000000,44638.95000000,44462.20000000,148.10296193
2021-02-11 03:15,44464.46000000,44724.19000000,44473.59000000,44650.76000000,104.81266374
2021-02-11 03:20,44631.69000000,44789.47000000,44654.40000000,44755.33000000,74.37922851
2021-02-11 03:25,44750.21000000,44916.16000000,44755.93000000,44838.40000000,55.52376179
2021-02-11 03:30,44838.29000000,45020.00000000,44838.40000000,45007.41000000,126.11671529
2021-02-11 03:35,44910.26000000,45013.09000000,45013.09000000,44913.30000000,58.39648853
2021-02-11 03:40,44657.89000000,44924.07000000,44908.48000000,44694.39000000,92.04835622
2021-02-11 03:45,44011.00000000,44693.92000000,44693.92000000,44042.96000000,304.62278074
2021-02-11 03:50,44042.02000000,44307.93000000,44042.03000000,44208.70000000,145.52203225
2021-02-11 03:55,44207.27000000,44386.26000000,44215.96000000,44279.16000000,106.25238703
2021-02-11 04:00,44255.04000000,44388.00000000,44284.27000000,44305.02000000,74.89277125
2021-02-11 04:05,44200.00000000,44387.19000000,44290.42000000,44200.07000000,73.85583579
2021-02-11 04:10,44040.00000000,44400.00000000,44200.00000000,44248.43000000,125.24594541
2021-02-11 04:15,44088.00000000,44430.56000000,44245.38000000,44249.49000000,87.63615149
2021-02-11 04:20,44230.68000000,44380.96000000,44247.13000000,44275.00000000,64.04245255
2021-02-11 04:25,44267.77000000,44430.30000000,44275.01000000,44422.83000000,67.10375340
2021-02-11 04:30,44280.30000000,44541.32000000,44430.67000000,44472.68000000,90.97304955
2021-02-11 04:35,44400.00000000,44518.51000000,44471.56000000,44461.67000000,81.73819793
2021-02-11 04:40,44402.13000000,44723.90000000,44462.36000000,44519.26000000,144.89195785
2021-02-11 04:45,44438.59000000,44587.87000000,44521.15000000,44579.01000000,55.62041820
2021-02-11 04:50,44433.62000000,44579.01000000,44579.01000000,44488.36000000,83.36656871
2021-02-11 04:55,44222.00000000,44512.81000000,44484.76000000,44222.00000000,86.71121570
2021-02-11 05:00,44222.00000000,44467.47000000,44222.01000000,44461.31000000,86.75059170
2021-02-11 05:05,44461.30000000,44675.00000000,44461.30000000,44567.08000000,67.65623978
2021-02-11 05:10,44521.55000000,44730.00000000,44567.11000000,44695.78000000,84.67988941
2021-02-11 05:15,44609.55000000,44715.28000000,44695.73000000,44623.75000000,68.38085967
2021-02-11 05:20,44591.94000000,44645.32000000,44623.76000000,44610.15000000,32.92301820
2021-02-11 05:25,44541.50000000,44643.59000000,44610.15000000,44541.75000000,37.92186766
2021-02-11 05:30,44541.75000000,44620.00000000,44541.75000000,44596.29000000,28.52157376
2021-02-11 05:35,44596.30000000,44728.99000000,44596.30000000,44727.77000000,36.19564539
2021-02-11 05:40,44644.09000000,44770.42000000,44727.77000000,44710.25000000,52.70298616
2021-02-11 05:45,44693.29000000,44800.00000000,44713.19000000,44793.71000000,41.57696419
2021-02-11 05:50,44760.70000000,44867.91000000,44789.43000000,44806.55000000,37.23836290
2021-02-11 05:55,44750.00000000,44846.15000000,44810.04000000,44815.04000000,60.07128725
2021-02-11 06:00,44747.37000000,44842.00000000,44808.78000000,44799.99000000,54.13767215
2021-02-11 06:05,44800.00000000,44980.43000000,44800.00000000,44980.43000000,41.89745297
2021-02-11 06:10,44933.00000000,45088.33000000,44980.43000000,44973.01000000,91.46022373
2021-02-11 06:15,44907.78000000,45016.13000000,44963.48000000,44945.92000000,40.90272891
2021-02-11 06:20,44945.91000000,45053.08000000,44945.91000000,44970.21000000,54.90252911
2021-02-11 06:25,44863.95000000,44979.03000000,44970.21000000,44919.57000000,46.54593388
2021-02-11 06:30,44835.57000000,44947.09000000,44920.00000000,44882.75000000,47.02397945
2021-02-11 06:35,44846.84000000,44916.06000000,44889.81000000,44882.32000000,56.19822461
2021-02-11 06:40,44777.00000000,44900.00000000,44885.56000000,44777.01000000,37.19949855
2021-02-11 06:45,44778.21000000,44871.86000000,44778.21000000,44820.30000000,32.58012743
2021-02-11 06:50,44816.26000000,45484.88000000,44820.04000000,45441.05000000,188.18045942
2021-02-11 06:55,45393.98000000,45668.48000000,45440.78000000,45465.35000000,255.18384953
2021-02-11 07:00,45390.00000000,45701.91000000,45472.47000000,45397.17000000,149.00793253
2021-02-11 07:05,45000.00000000,45411.33000000,45390.00000000,45099.02000000,302.23683384
2021-02-11 07:10,45034.45000000,45191.45000000,45094.01000000,45067.01000000,50.52882950
2021-02-11 07:15,44903.17000000,45080.00000000,45067.01000000,44903.17000000,137.09855809
2021-02-11 07:20,44792.34000000,44999.98000000,44910.06000000,44797.55000000,54.19313128
2021-02-11 07:25,44790.00000000,45000.00000000,44792.35000000,44953.10000000,74.89759438
2021-02-11 07:30,44793.05000000,44958.57000000,44949.46000000,44851.41000000,75.81080788
2021-02-11 07:35,44675.25000000,44851.41000000,44851.41000000,44749.00000000,63.64670179
2021-02-11 07:40,44687.00000000,44815.61000000,44749.00000000,44721.81000000,53.04541803
2021-02-11 07:45,44672.85000000,44796.25000000,44723.09000000,44712.95000000,45.71978957
2021-02-11 07:50,44638.02000000,44762.49000000,44702.11000000,44744.61000000,57.36757254
2021-02-11 07:55,44682.78000000,44838.85000000,44745.35000000,44775.36000000,66.95912711
2021-02-11 08:00,44764.30000000,45010.48000000,44775.36000000,44949.37000000,95.52120309
2021-02-11 08:05,44705.38000000,44979.22000000,44952.78000000,44721.36000000,39.95178411
2021-02-11 08:10,44700.21000000,44788.16000000,44721.35000000,44725.00000000,48.43300549
2021-02-11 08:15,44701.78000000,44836.70000000,44725.01000000,44766.55000000,44.25148572
2021-02-11 08:20,44737.61000000,44803.63000000,44761.25000000,44765.11000000,24.88181465
2021-02-11 08:25,44570.42000000,44831.41000000,44765.06000000,44653.37000000,66.30131478
2021-02-11 08:30,44562.09000000,44820.00000000,44650.55000000,44806.46000000,27.59076602
2021-02-11 08:35,44789.74000000,44867.20000000,44802.25000000,44838.60000000,39.72753220
2021-02-11 08:40,44834.20000000,44978.21000000,44840.84000000,44882.07000000,43.76073121
2021-02-11 08:45,44831.97000000,44953.54000000,44882.06000000,44897.11000000,36.85481762
2021-02-11 08:50,44814.11000000,44917.58000000,44900.76000000,44881.99000000,26.33945034
2021-02-11 08:55,44681.17000000,44875.25000000,44874.34000000,44681.17000000,28.27756820
2021-02-11 09:00,44630.80000000,44787.33000000,44693.32000000,44750.00000000,26.50705743
2021-02-11 09:05,44722.64000000,44875.36000000,44742.51000000,44816.79000000,24.31569206
2021-02-11 09:10,44734.37000000,44877.99000000,44817.69000000,44793.80000000,45.23012864
2021-02-11 09:15,44765.38000000,44889.49000000,44805.63000000,44834.09000000,32.61199710
2021-02-11 09:20,44763.71000000,44962.88000000,44834.09000000,44893.32000000,28.47246575
2021-02-11 09:25,44768.73000000,44900.00000000,44898.34000000,44779.58000000,15.62549412
2021-02-11 09:30,44778.32000000,44886.52000000,44782.66000000,44795.00000000,14.56857210
2021-02-11 09:35,44478.82000000,44800.19000000,44795.01000000,44499.57000000,56.22393876
2021-02-11 09:40,44460.89000000,44550.00000000,44494.82000000,44550.00000000,39.07300139
2021-02-11 09:45,44489.79000000,44590.44000000,44550.00000000,44538.27000000,33.69907719
2021-02-11 09:50,44538.62000000,44629.86000000,44544.71000000,44593.81000000,28.28474759
2021-02-11 09:55,44541.51000000,44646.82000000,44594.29000000,44614.06000000,40.67361541
2021-02-11 10:00,44613.71000000,44715.95000000,44613.71000000,44684.74000000,13.98927506
2021-02-11 10:05,44665.00000000,45128.99000000,44684.74000000,45128.99000000,86.26180069
2021-02-11 10:10,45037.41000000,45150.00000000,45128.34000000,45095.81000000,55.66966688
2021-02-11 10:15,45049.06000000,45139.86000000,45097.02000000,45064.99000000,14.29923897
2021-02-11 10:20,45072.76000000,45134.76000000,45076.72000000,45098.91000000,16.86568196
2021-02-11 10:25,44978.13000000,45124.68000000,45100.85000000,45006.92000000,15.17669153
2021-02-11 10:30,44971.69000000,45085.64000000,44999.86000000,45052.69000000,23.64716214
2021-02-11 10:35,44979.22000000,45066.08000000,45048.30000000,45004.64000000,9.66352320
2021-02-11 10:40,44901.62000000,45029.44000000,45005.31000000,44914.53000000,17.08582690
2021-02-11 10:45,44801.01000000,44990.73000000,44916.41000000,44827.57000000,12.33424916
2021-02-11 10:50,44723.50000000,44854.22000000,44827.57000000,44825.00000000,23.79540836
2021-02-11 10:55,44727.29000000,44844.04000000,44831.51000000,44754.52000000,9.93354266
2021-02-11 11:00,44612.13000000,44837.68000000,44751.13000000,44630.80000000,21.92223809
2021-02-11 11:05,44633.37000000,44807.45000000,44633.37000000,44716.78000000,20.09817809
2021-02-11 11:10,44555.55000000,44938.03000000,44716.62000000,44586.57000000,32.66012937
2021-02-11 11:15,44565.84000000,44737.05000000,44580.22000000,44652.98000000,18.25105435
2021-02-11 11:20,44605.93000000,44729.47000000,44651.40000000,44689.61000000,14.25452837
2021-02-11 11:25,44658.48000000,44778.00000000,44683.60000000,44778.00000000,18.07262030
2021-02-11 11:30,44786.60000000,44930.00000000,44786.60000000,44900.00000000,14.83086264
2021-02-11 11:35,44904.92000000,45030.00000000,44907.14000000,45029.99000000,15.37102831
2021-02-11 11:40,44984.99000000,45091.31000000,45030.00000000,45091.31000000,41.49221238
2021-02-11 11:45,44923.88000000,45123.47000000,45092.53000000,45088.36000000,94.83008601
2021-02-11 11:50,44991.73000000,45097.91000000,45088.36000000,45010.11000000,40.19197077
2021-02-11 11:55,44994.17000000,45100.00000000,45012.89000000,45067.43000000,18.11456060
2021-02-11 12:00,44955.16000000,45157.15000000,45067.43000000,44955.16000000,34.41217071
2021-02-11 12:05,44868.22000000,44999.45000000,44962.13000000,44919.98000000,23.21928558
2021-02-11 12:10,44823.75000000,44988.45000000,44918.59000000,44933.15000000,49.76730677
2021-02-11 12:15,44926.84000000,45063.81000000,44926.85000000,44980.17000000,18.07099167
2021-02-11 12:20,44939.24000000,45002.61000000,44980.00000000,44964.69000000,11.51119846
2021-02-11 12:25,44963.81000000,45061.41000000,44969.30000000,45046.01000000,18.31301135
2021-02-11 12:30,45017.19000000,45190.85000000,45044.51000000,45053.81000000,25.55177051
2021-02-11 12:35,45058.99000000,45162.40000000,45058.99000000,45162.40000000,13.37699404
2021-02-11 12:40,45139.87000000,45200.00000000,45168.21000000,45167.19000000,19.43010108
2021-02-11 12:45,45164.82000000,45303.40000000,45167.71000000,45272.86000000,32.84896187
2021-02-11 12:50,45275.33000000,45471.39000000,45275.33000000,45455.99000000,30.49522665
2021-02-11 12:55,45454.29000000,45638.43000000,45455.51000000,45531.78000000,53.31019773
2021-02-11 13:00,45490.55000000,45700.00000000,45531.78000000,45650.00000000,45.28980786
2021-02-11 13:05,45503.74000000,45730.65000000,45661.97000000,45607.77000000,66.94081023
2021-02-11 13:10,45454.69000000,45608.08000000,45608.08000000,45470.00000000,36.00154867
2021-02-11 13:15,45460.55000000,45595.13000000,45485.18000000,45477.03000000,39.25720804
2021-02-11 13:20,45431.72000000,45599.91000000,45477.03000000,45596.95000000,27.07993079
2021-02-11 13:25,45388.99000000,45593.55000000,45593.55000000,45448.07000000,15.12032127
2021-02-11 13:30,45404.28000000,45507.16000000,45452.13000000,45482.27000000,16.08136493
2021-02-11 13:35,45428.05000000,45551.93000000,45478.08000000,45491.64000000,17.81607991
2021-02-11 13:40,45485.57000000,45950.64000000,45485.57000000,45941.36000000,70.63004439
2021-02-11 13:45,45938.80000000,46159.04000000,45939.33000000,46051.89000000,159.79213727
2021-02-11 13:50,46047.49000000,46328.61000000,46051.88000000,46195.94000000,83.41370558
2021-02-11 13:55,46123.70000000,46400.00000000,46174.59000000,46334.72000000,54.87613908
2021-02-11 14:00,46038.20000000,46450.00000000,46326.18000000,46191.38000000,105.95383861
2021-02-11 14:05,46148.93000000,46370.20000000,46191.38000000,46273.35000000,55.14606564
2021-02-11 14:10,46261.00000000,46348.41000000,46267.69000000,46282.18000000,25.01777728
2021-02-11 14:15,46192.85000000,46321.11000000,46282.18000000,46225.54000000,32.29546360
2021-02-11 14:20,46212.89000000,46293.98000000,46229.79000000,46255.76000000,24.89833950
2021-02-11 14:25,46180.00000000,46361.81000000,46255.77000000,46301.52000000,35.81107606
2021-02-11 14:30,46200.20000000,46310.58000000,46301.04000000,46258.53000000,29.54070933
2021-02-11 14:35,46173.38000000,46323.86000000,46258.53000000,46297.38000000,44.47514522
2021-02-11 14:40,46204.38000000,46312.96000000,46292.97000000,46244.46000000,33.80412936
2021-02-11 14:45,46231.51000000,46323.47000000,46244.49000000,46277.69000000,31.20747279
2021-02-11 14:50,46072.00000000,46500.00000000,46286.71000000,46107.39000000,222.19005500
2021-02-11 14:55,45913.54000000,46175.01000000,46103.00000000,46061.02000000,50.12860295
2021-02-11 15:00,46078.17000000,46658.32000000,46078.18000000,46580.95000000,97.82760065
2021-02-11 15:05,46409.88000000,46600.00000000,46580.95000000,46453.47000000,65.56399871
2021-02-11 15:10,46299.90000000,46517.55000000,46450.64000000,46442.23000000,66.75379380
2021-02-11 15:15,46301.78000000,46462.04000000,46428.84000000,46431.49000000,58.23415263
2021-02-11 15:20,46342.82000000,46475.44000000,46420.48000000,46382.96000000,39.13686178
2021-02-11 15:25,46307.40000000,46431.03000000,46367.54000000,46383.16000000,40.27810540
2021-02-11 15:30,46326.86000000,46420.00000000,46384.79000000,46411.21000000,43.12857710
2021-02-11 15:35,46381.47000000,46547.83000000,46401.70000000,46540.91000000,61.80387880
2021-02-11 15:40,46480.99000000,46540.94000000,46540.94000000,46492.49000000,41.29962308
2021-02-11 15:45,46318.42000000,46597.78000000,46489.91000000,46330.65000000,68.00358296
2021-02-11 15:50,46327.64000000,46490.34000000,46330.66000000,46449.78000000,53.13329158
2021-02-11 15:55,46428.19000000,46574.54000000,46448.26000000,46560.32000000,37.48585530
2021-02-11 16:00,46560.33000000,46650.00000000,46560.33000000,46637.21000000,64.61772127
2021-02-11 16:05,46637.20000000,47000.00000000,46637.20000000,46960.17000000,162.71920889
2021-02-11 16:10,46961.85000000,47411.00000000,46964.93000000,47352.98000000,353.34495548
2021-02-11 16:15,47229.67000000,47867.28000000,47355.91000000,47714.95000000,385.96983727
2021-02-11 16:20,47698.25000000,48373.00000000,47703.33000000,48166.96000000,682.57698659
2021-02-11 16:25,47953.99000000,48293.59000000,48165.33000000,48090.00000000,274.25504406
2021-02-11 16:30,47661.18000000,48309.44000000,48084.79000000,47762.54000000,322.42016603
2021-02-11 16:35,47453.76000000,47800.00000000,47762.54000000,47713.33000000,214.98933379
2021-02-11 16:40,47622.12000000,47880.00000000,47708.48000000,47843.01000000,133.57448935
2021-02-11 16:45,47707.82000000,47881.87000000,47855.83000000,47727.64000000,106.32161310
2021-02-11 16:50,47600.05000000,47876.70000000,47721.41000000,47856.50000000,158.01950131
2021-02-11 16:55,47393.75000000,47859.08000000,47856.50000000,47541.13000000,156.09175770
2021-02-11 17:00,47391.97000000,47761.51000000,47550.45000000,47500.00000000,151.69724653
2021-02-11 17:05,47300.00000000,47500.00000000,47500.00000000,47367.31000000,113.31906368
2021-02-11 17:10,47280.00000000,47437.11000000,47364.94000000,47421.73000000,106.10205172
2021-02-11 17:15,47402.61000000,47543.46000000,47421.10000000,47515.00000000,89.56747187
2021-02-11 17:20,47509.00000000,47805.10000000,47515.00000000,47802.66000000,160.01133347
2021-02-11 17:25,47700.00000000,47852.97000000,47802.20000000,47702.22000000,129.31983259
2021-02-11 17:30,47700.02000000,47950.00000000,47702.21000000,47950.00000000,113.00995168
2021-02-11 17:35,47890.05000000,48100.00000000,47950.00000000,48018.10000000,241.93037468
2021-02-11 17:40,47886.06000000,48033.78000000,48020.08000000,47966.00000000,137.71409251
2021-02-11 17:45,47926.34000000,48150.00000000,47965.90000000,48089.36000000,169.86778298
2021-02-11 17:50,47829.57000000,48089.36000000,48089.36000000,47860.01000000,105.98199927
2021-02-11 17:55,47860.01000000,47940.34000000,47860.01000000,47922.95000000,78.61463881
2021-02-11 18:00,47922.95000000,48205.00000000,47922.95000000,48124.26000000,221.97301833
2021-02-11 18:05,47752.03000000,48124.26000000,48124.26000000,47782.98000000,212.88091063
2021-02-11 18:10,47618.57000000,47800.83000000,47793.20000000,47725.47000000,172.99733659
2021-02-11 18:15,47721.91000000,48049.67000000,47721.91000000,48044.72000000,132.17460703
2021-02-11 18:20,47787.56000000,48164.50000000,48050.00000000,48045.77000000,182.73262797
2021-02-11 18:25,47826.58000000,48049.01000000,48049.01000000,47900.00000000,90.10156083
2021-02-11 18:30,47788.20000000,48065.57000000,47899.68000000,47830.60000000,91.61198712
2021-02-11 18:35,47815.34000000,47897.46000000,47830.61000000,47837.36000000,57.82543065
2021-02-11 18:40,47801.57000000,47890.00000000,47845.89000000,47838.71000000,75.33530216
2021-02-11 18:45,47834.33000000,47999.90000000,47838.78000000,47987.72000000,75.52063351
2021-02-11 18:50,47968.28000000,48174.98000000,47987.71000000,48000.10000000,188.43281419
2021-02-11 18:55,47932.62000000,48072.10000000,48005.64000000,48032.30000000,88.93782436
2021-02-11 19:00,47900.00000000,48300.00000000,48021.87000000,47962.84000000,284.82981368
2021-02-11 19:05,47700.00000000,48020.00000000,47954.34000000,47804.81000000,138.64807394
2021-02-11 19:10,47790.00000000,47906.93000000,47804.80000000,47852.00000000,66.49065147
2021-02-11 19:15,47846.11000000,48082.62000000,47852.01000000,47866.74000000,92.62169804
2021-02-11 19:20,47807.85000000,48037.28000000,47867.26000000,47946.79000000,145.03276022
2021-02-11 19:25,47703.97000000,47974.38000000,47944.63000000,47799.99000000,179.80455730
2021-02-11 19:30,47560.00000000,47873.92000000,47800.00000000,47684.18000000,135.22058730
2021-02-11 19:35,47531.76000000,47758.05000000,47684.19000000,47578.54000000,109.33612789
2021-02-11 19:40,47515.78000000,47603.90000000,47580.41000000,47600.13000000,98.46369387
2021-02-11 19:45,47414.89000000,47601.99000000,47600.13000000,47586.66000000,157.32829161
2021-02-11 19:50,47545.00000000,47743.61000000,47586.66000000,47682.50000000,140.31527733
2021-02-11 19:55,47617.12000000,47798.92000000,47689.08000000,47626.44000000,167.30129973
2021-02-11 20:00,47600.01000000,47699.95000000,47626.43000000,47655.77000000,56.86659935
2021-02-11 20:05,47194.32000000,47655.77000000,47655.77000000,47289.26000000,174.33177316
2021-02-11 20:10,46967.00000000,47419.67000000,47289.67000000,47071.02000000,201.89744721
2021-02-11 20:15,47028.68000000,47238.20000000,47082.46000000,47224.21000000,73.07358369
2021-02-11 20:20,47211.83000000,47347.86000000,47218.24000000,47306.57000000,94.19192919
2021-02-11 20:25,47296.65000000,47384.97000000,47310.67000000,47330.12000000,83.11223513
2021-02-11 20:30,47115.78000000,47336.48000000,47330.11000000,47115.92000000,91.35552762
2021-02-11 20:35,47119.07000000,47321.90000000,47120.13000000,47321.37000000,50.45461342
2021-02-11 20:40,47268.72000000,47370.88000000,47321.36000000,47310.37000000,63.96772034
2021-02-11 20:45,47229.73000000,47351.78000000,47310.37000000,47320.20000000,45.40783107
2021-02-11 20:50,47311.90000000,47466.73000000,47317.69000000,47405.79000000,67.49007449
2021-02-11 20:55,47379.48000000,47559.72000000,47403.91000000,47412.89000000,193.81364278
2021-02-11 21:00,47412.89000000,47700.00000000,47412.89000000,47568.32000000,101.80416384
2021-02-11 21:05,47378.38000000,47629.01000000,47565.96000000,47564.95000000,116.43543205
2021-02-11 21:10,47531.33000000,47650.00000000,47558.01000000,47626.01000000,44.77811535
2021-02-11 21:15,47570.00000000,47676.72000000,47626.01000000,47617.41000000,51.86417357
2021-02-11 21:20,47575.00000000,47677.65000000,47617.41000000,47634.80000000,51.49170744
2021-02-11 21:25,47579.48000000,47928.00000000,47634.79000000,47928.00000000,79.85960828
2021-02-11 21:30,47881.36000000,48100.00000000,47928.00000000,47889.90000000,234.42515196
2021-02-11 21:35,47777.77000000,47925.91000000,47889.90000000,47802.28000000,81.71714377
2021-02-11 21:40,47744.70000000,47847.04000000,47802.28000000,47772.06000000,81.35039362
2021-02-11 21:45,47750.00000000,47843.14000000,47772.07000000,47780.00000000,76.11221370
2021-02-11 21:50,47600.05000000,47824.74000000,47780.00000000,47635.07000000,71.82367410
2021-02-11 21:55,47613.55000000,47719.57000000,47622.28000000,47711.35000000,52.13257021
2021-02-11 22:00,47605.29000000,47793.73000000,47715.05000000,47782.96000000,74.07955140
2021-02-11 22:05,47724.52000000,47878.00000000,47790.92000000,47759.02000000,47.29304057
2021-02-11 22:10,47725.33000000,47899.91000000,47775.69000000,47856.81000000,56.76380816
2021-02-11 22:15,47857.11000000,48000.00000000,47857.81000000,48000.00000000,76.66752941
2021-02-11 22:20,47918.14000000,48024.62000000,47999.99000000,47970.76000000,94.16686099
2021-02-11 22:25,47919.94000000,47997.01000000,47971.27000000,47970.20000000,79.65050627
2021-02-11 22:30,47872.50000000,47980.00000000,47974.72000000,47880.79000000,84.70863910
2021-02-11 22:35,47727.63000000,47900.00000000,47880.00000000,47891.46000000,113.92855209
2021-02-11 22:40,47891.47000000,48050.00000000,47891.47000000,48046.49000000,182.43826644
2021-02-11 22:45,48024.37000000,48087.99000000,48046.49000000,48083.42000000,98.74077291
2021-02-11 22:50,47855.00000000,48094.70000000,48083.00000000,47909.33000000,140.58474236
2021-02-11 22:55,47768.57000000,47935.00000000,47900.39000000,47804.44000000,81.17913704
2021-02-11 23:00,47638.31000000,47817.23000000,47811.94000000,47800.00000000,107.81894569
2021-02-11 23:05,47743.88000000,47865.54000000,47804.09000000,47806.20000000,68.07168238
2021-02-11 23:10,47796.06000000,47997.00000000,47805.23000000,47951.97000000,73.78125032
2021-02-11 23:15,47943.72000000,48073.50000000,47956.94000000,48049.33000000,64.09612769
2021-02-11 23:20,48041.38000000,48245.00000000,48041.38000000,48241.12000000,141.23393526
2021-02-11 23:25,48200.00000000,48690.00000000,48241.12000000,48629.33000000,381.79491330
2021-02-11 23:30,48377.48000000,48639.43000000,48629.34000000,48449.00000000,154.08538209
2021-02-11 23:35,48322.98000000,48524.60000000,48431.83000000,48488.28000000,151.97535056
2021-02-11 23:40,48340.07000000,48560.07000000,48488.35000000,48430.12000000,103.00827473
2021-02-11 23:45,47650.00000000,48445.22000000,48430.11000000,47780.57000000,257.46487879
2021-02-11 23:50,47100.18000000,47795.47000000,47780.58000000,47134.79000000,457.45200447
2021-02-11 23:55,47032.17000000,47330.17000000,47141.78000000,47102.79000000,351.53251952
2021-02-12 00:00,47057.09000000,47291.63000000,47100.48000000,47266.08000000,223.02744334
2021-02-12 00:05,47214.34000000,47300.00000000,47262.68000000,47300.00000000,101.50227517
2021-02-12 00:10,47287.21000000,47395.00000000,47300.00000000,47287.22000000,103.87808597
2021-02-12 00:15,47140.00000000,47350.00000000,47287.22000000,47157.29000000,130.91959936
2021-02-12 00:20,46608.05000000,47250.00000000,47156.75000000,46750.60000000,393.17695842
2021-02-12 00:25,46736.75000000,47040.92000000,46768.95000000,47008.88000000,148.92111846
2021-02-12 00:30,46751.05000000,47026.70000000,47015.14000000,46975.77000000,154.43377287
2021-02-12 00:35,46900.00000000,47153.42000000,46975.77000000,46947.85000000,92.92540489
2021-02-12 00:40,46769.58000000,46995.15000000,46947.85000000,46803.53000000,118.62492520
2021-02-12 00:45,46799.00000000,46880.25000000,46803.01000000,46829.90000000,87.32527404
2021-02-12 00:50,46833.72000000,46983.31000000,46838.08000000,46865.58000000,61.75301121
2021-02-12 00:55,46854.59000000,46974.38000000,46863.97000000,46941.46000000,38.56506542
2021-02-12 01:00,46920.48000000,47226.64000000,46944.54000000,47173.72000000,104.49956742
2021-02-12 01:05,47171.07000000,47281.01000000,47173.73000000,47179.00000000,63.99073712
2021-02-12 01:10,47175.67000000,47257.99000000,47178.99000000,47219.14000000,26.25042810
2021-02-12 01:15,47178.02000000,47259.98000000,47214.00000000,47210.00000000,36.08568934
2021-02-12 01:20,47192.99000000,47440.00000000,47209.99000000,47326.84000000,86.92088788
2021-02-12 01:25,47236.88000000,47354.79000000,47331.83000000,47308.26000000,64.51237693
2021-02-12 01:30,47309.39000000,47486.81000000,47309.39000000,47471.93000000,38.18282412
2021-02-12 01:35,47370.79000000,47480.00000000,47460.08000000,47441.41000000,50.21862116
2021-02-12 01:40,47375.00000000,47540.00000000,47441.42000000,47538.09000000,87.19174457
2021-02-12 01:45,47433.40000000,47634.07000000,47531.93000000,47578.41000000,86.26559242
2021-02-12 01:50,47556.46000000,47673.02000000,47578.25000000,47592.34000000,36.93623808
2021-02-12 01:55,47554.88000000,47766.45000000,47601.49000000,47766.45000000,79.22722379
2021-02-12 02:00,47691.48000000,47911.52000000,47766.45000000,47703.56000000,122.12106100
2021-02-12 02:05,47633.66000000,47838.33000000,47703.55000000,47825.60000000,80.44277991
2021-02-12 02:10,47781.65000000,47975.00000000,47825.60000000,47867.32000000,96.66192717
2021-02-12 02:15,47795.81000000,47900.00000000,47870.00000000,47824.85000000,66.60528601
2021-02-12 02:20,47719.13000000,47918.63000000,47821.43000000,47855.70000000,109.27431529
2021-02-12 02:25,47624.99000000,47899.49000000,47855.70000000,47763.25000000,137.01761316
2021-02-12 02:30,47585.26000000,48000.00000000,47751.27000000,47929.50000000,149.12439656
2021-02-12 02:35,47897.97000000,48000.00000000,47924.65000000,47904.08000000,40.48052589
2021-02-12 02:40,47837.74000000,47970.15000000,47905.25000000,47859.99000000,57.81529204
2021-02-12 02:45,47777.85000000,47870.52000000,47859.99000000,47814.67000000,39.01510462
2021-02-12 02:50,47696.53000000,48057.55000000,47819.92000000,47776.48000000,123.23046713
2021-02-12 02:55,47786.38000000,48121.00000000,47786.38000000,47997.91000000,111.31691852
2021-02-12 03:00,47993.60000000,48330.00000000,47993.60000000,48330.00000000,135.41667812
2021-02-12 03:05,48249.62000000,48632.81000000,48330.00000000,48632.81000000,280.99320845
2021-02-12 03:10,48357.18000000,48912.00000000,48632.80000000,48437.01000000,551.70540505
2021-02-12 03:15,48245.49000000,48808.50000000,48442.58000000,48693.00000000,170.58835141
2021-02-12 03:20,48611.65000000,48912.00000000,48693.06000000,48662.47000000,216.23999026
2021-02-12 03:25,48333.33000000,48750.00000000,48658.69000000,48455.44000000,142.14887844
2021-02-12 03:30,48357.14000000,48621.02000000,48456.95000000,48483.33000000,99.81389748
2021-02-12 03:35,48480.00000000,48615.00000000,48483.32000000,48539.81000000,71.46933684
2021-02-12 03:40,48516.16000000,48719.37000000,48533.15000000,48610.01000000,76.20434715
2021-02-12 03:45,48306.02000000,48614.45000000,48603.89000000,48433.03000000,83.09410182
2021-02-12 03:50,48168.83000000,48490.11000000,48442.32000000,48201.59000000,107.16089770
2021-02-12 03:55,47860.00000000,48238.62000000,48201.11000000,47992.35000000,214.83801540
2021-02-12 04:00,47737.63000000,48033.05000000,47998.31000000,47933.16000000,150.64943288
2021-02-12 04:05,47941.01000000,48089.31000000,47944.15000000,48056.85000000,86.41581497
2021-02-12 04:10,48050.00000000,48234.31000000,48051.02000000,48228.10000000,70.20840271
2021-02-12 04:15,48150.08000000,48300.00000000,48219.67000000,48190.92000000,64.74762582
2021-02-12 04:20,47900.00000000,48215.26000000,48190.92000000,47978.97000000,85.99251908
2021-02-12 04:25,47977.96000000,48107.88000000,47978.51000000,48086.21000000,62.50532815
2021-02-12 04:30,48088.89000000,48288.14000000,48093.59000000,48243.19000000,85.69517708
2021-02-12 04:35,48219.15000000,48375.00000000,48239.33000000,48351.95000000,79.22786409
2021-02-12 04:40,48300.00000000,48400.00000000,48351.95000000,48399.99000000,62.33325268
2021-02-12 04:45,48306.10000000,48521.86000000,48400.00000000,48466.04000000,101.33376960
2021-02-12 04:50,48389.48000000,48562.93000000,48454.35000000,48394.67000000,71.49261148
2021-02-12 04:55,48373.71000000,48525.11000000,48384.61000000,48507.00000000,59.80596518
2021-02-12 05:00,48267.02000000,48507.00000000,48507.00000000,48384.33000000,55.84742131
2021-02-12 05:05,48182.70000000,48403.67000000,48381.55000000,48274.07000000,62.71813537
2021-02-12 05:10,48209.70000000,48300.00000000,48273.93000000,48226.14000000,39.42457170
